name,phone,password
Deanna Ross,7782305730,Deanna123
Robert Mann,7781591152,Robert123
Joshua Meyer,7785006113,Joshua123
Rachel Sanchez,2360579517,Rachel123
Curtis Lopez,7782693083,Curtis123
Jonathan Phillips,2361696400,Jonathan123
Madeline Pace,6042350916,Madeline123
Jennifer Moore,6047023735,Jennifer123
Robert Scott,2360189928,Robert123
Katherine Adkins,7789077263,Katherine123
Shawn Pham,7788279743,Shawn123
Nichole Morris,7789767735,Nichole123
Charles Walls,2365031402,Charles123
Matthew Cohen,2360122271,Matthew123
Kyle Green,2365945021,Kyle123
Shirley Richard,7780404455,Shirley123
Teresa Gill,6042785329,Teresa123
Brittany Delacruz,6046967141,Brittany123
Jason Allen,7788862135,Jason123
Amanda Bradley,7783105546,Amanda123
